{
	"format_version": "1.8.0",
	"animations": {
		"animation.chevalier.attack": {
			"loop": true,
			"animation_length": 0.25,
			"bones": {
				"rightleg": {
					"rotation": {
						"0.0": [
							0,
							0,
							0
						],
						"0.125": [
							-39.02504,
							-9.57658,
							-11.59948
						],
						"0.25": [
							-0.04326,
							1.60631,
							-0.58537
						]
					}
				}
			}
		},
		"animation.chevalier.charge": {
			"loop": "hold_on_last_frame",
			"animation_length": 2,
			"override_previous_animation": true,
			"bones": {
				"head": {
					"rotation": {
						"0.0": [
							0,
							0,
							0
						],
						"0.5": [
							17.5,
							0,
							0
						]
					}
				},
				"rightarm": {
					"rotation": {
						"0.0": [
							0,
							0,
							0
						],
						"0.5": [
							0,
							0,
							62.5
						]
					}
				},
				"rightItem": {
					"position": {
						"0.0": [
							0,
							0,
							0
						],
						"0.5": [
							-10,
							-8,
							0
						]
					}
				},
				"leftarm": {
					"rotation": {
						"0.0": [
							0,
							0,
							0
						],
						"0.5": [
							-56.00374,
							40.53233,
							36.77809
						]
					},
					"position": {
						"0.0": [
							0,
							0,
							0
						],
						"0.5": [
							0,
							2,
							-5
						]
					}
				}
			}
		},
		"animation.chevalier.holler": {
			"animation_length": 1,
			"bones": {
				"head": {
					"rotation": {
						"0.0": [
							0,
							0,
							0
						],
						"0.25": [
							-80,
							0,
							0
						],
						"0.75": [
							-105,
							0,
							0
						],
						"1.0": [
							0,
							0,
							0
						]
					}
				},
				"rightarm": {
					"rotation": {
						"0.0": [
							0,
							0,
							0
						],
						"0.25": [
							-132.79487,
							18.88952,
							-16.68541
						],
						"0.75": [
							-133.41006,
							20.71501,
							-18.50097
						],
						"1.0": [
							-2.06995,
							0.24986,
							-1.3624
						]
					}
				},
				"rightItem": {
					"position": {
						"0.0": [
							0,
							0,
							0
						],
						"0.25": [
							-8,
							-9,
							-4
						],
						"0.75": [
							-8,
							-9,
							-4
						],
						"1.0": [
							0,
							0,
							-4
						]
					}
				},
				"leftarm": {
					"rotation": {
						"0.0": [
							0,
							0,
							0
						],
						"0.25": [
							-149.43607,
							-17.94973,
							27.55814
						],
						"0.75": [
							-149.43607,
							-17.94973,
							27.55814
						],
						"1.0": [
							0.03694,
							-1.43339,
							-0.45248
						]
					}
				}
			}
		}
	}
}