{
	"format_version": "1.8.0",
	"animations": {
		"animation.archshaman.walk": {
			"loop": true,
			"animation_length": 1,
			"bones": {
				"rightLeg": {
					"rotation": {
						"0.0": [
							0,
							0,
							0
						],
						"0.25": [
							-20,
							0,
							0
						],
						"0.75": [
							20,
							0,
							0
						],
						"1.0": [
							0,
							0,
							0
						]
					}
				},
				"leftLeg": {
					"rotation": {
						"0.0": [
							0,
							0,
							0
						],
						"0.25": [
							20,
							0,
							0
						],
						"0.75": [
							-20,
							0,
							0
						],
						"1.0": [
							0,
							0,
							0
						]
					}
				}
			}
		},
		"animation.archshaman.idle": {
			"loop": true,
			"animation_length": 2,
			"bones": {
				"rightArm": {
					"rotation": {
						"0.0": [
							0,
							0,
							0
						],
						"1.0": [
							0,
							0,
							12.5
						],
						"2.0": [
							0,
							0,
							0
						]
					}
				},
				"leftArm": {
					"rotation": {
						"0.0": [
							0,
							0,
							0
						],
						"1.0": [
							0,
							0,
							-5
						],
						"2.0": [
							0,
							0,
							0
						]
					}
				},
				"staff": {
					"rotation": {
						"0.0": [
							0,
							0,
							0
						],
						"1.0": [
							3.92125,
							11.14485,
							-1.33099
						],
						"2.0": [
							4.17996,
							-1.01499,
							1.58227
						]
					}
				}
			}
		},
		"animation.archshaman.casting": {
			"animation_length": 2,
			"bones": {
				"rightArm": {
					"rotation": {
						"0.0": [
							0,
							0,
							0
						],
						"0.5": [
							-53.54466,
							31.81666,
							-20.98998
						],
						"0.75": [
							-53.54466,
							31.81666,
							-20.98998
						],
						"1.25": [
							29.42874,
							-2.03545,
							-12.92254
						],
						"1.5": [
							29.42874,
							-2.03545,
							-12.92254
						],
						"2.0": [
							0.19411,
							-0.07038,
							0.06477
						]
					}
				},
				"staff": {
					"rotation": {
						"0.0": [
							0,
							0,
							0
						],
						"0.5": [
							20,
							0,
							0
						],
						"0.75": [
							20,
							0,
							0
						],
						"1.25": [
							50,
							0,
							0
						],
						"1.5": [
							50,
							0,
							0
						],
						"2.0": [
							0,
							0,
							0
						]
					},
					"position": {
						"0.0": [
							0,
							0,
							0
						],
						"0.75": [
							0,
							0,
							0
						],
						"1.25": [
							0,
							-7,
							-11
						],
						"1.5": [
							0,
							-7,
							-11
						],
						"2.0": [
							0,
							0,
							0
						]
					}
				}
			}
		},
		"animation.archshaman.roaring": {
			"animation_length": 2,
			"bones": {
				"rightArm": {
					"rotation": {
						"0.0": [
							0,
							0,
							0
						],
						"0.75": [
							-22.95149,
							-22.40839,
							2.0869
						],
						"1.25": [
							-45.45149,
							-22.40839,
							2.0869
						],
						"1.75": [
							8.02115,
							-26.93932,
							-0.24096
						],
						"2.0": [
							7.96526,
							3.05962,
							0.01999
						]
					}
				},
				"staff": {
					"rotation": {
						"0.0": [
							0,
							0,
							0
						],
						"0.75": [
							25,
							0,
							0
						],
						"1.25": [
							41.63872,
							-1.4304,
							5.04541
						],
						"1.75": [
							-10.86128,
							-1.4304,
							5.04541
						]
					},
					"position": {
						"0.0": [
							0,
							0,
							0
						],
						"0.75": [
							0,
							0,
							0
						]
					}
				},
				"leftArm": {
					"rotation": {
						"0.0": [
							0,
							0,
							0
						],
						"0.75": [
							-95.51385,
							24.89837,
							-2.3273
						],
						"1.25": [
							-118.01385,
							24.89837,
							-2.3273
						],
						"1.75": [
							-65.51385,
							24.89837,
							-2.3273
						],
						"2.0": [
							-0.47004,
							-0.08032,
							0.38978
						]
					}
				}
			}
		}
	}
}